{"learning_rate": 0.0001565082545176705, "w1": 0.04, "w2": 0.05, "w3": 0.02, "w4": 0.060000000000000005, "w5": 0.02, "w6": 0.09999999999999999}