{"learning_rate": 0.00033530228142554763, "w1": 0.03, "w2": 0.04, "w3": 0.060000000000000005, "w4": 0.04, "w5": 0.09999999999999999, "w6": 0.01}