{"learning_rate": 0.00011813173276381847, "w1": 0.02, "w2": 0.01, "w3": 0.08, "w4": 0.060000000000000005, "w5": 0.060000000000000005, "w6": 0.09999999999999999}