{"learning_rate": 0.0002898658037893843, "w1": 0.06999999999999999, "w2": 0.02, "w3": 0.05, "w4": 0.03, "w5": 0.09, "w6": 0.08}